carrots,Brinjal,potatoes,Badam,detergents,marie gold biscuit,Milk,horlicks
carrots,Brinjal,Onions,chillies,potatoes,Cakes,Cocaclola,pepsi,cashews,Badam,Butterscotch icecream,chocolate ice cream,detergents,dark fantasy biscuits,marie gold biscuit,broom stick,fragnace bottles -eau de-parfums,Milk,Boost,horlicks
carrots,Onions,chillies,potatoes,Badam,chocolate ice cream,detergents,Milk,Boost,horlicks
Cakes,pepsi,chocolate ice cream
carrots,Brinjal,Onions,chillies,potatoes,Cakes,Cocaclola,pepsi,cashews,Badam,Butterscotch icecream,chocolate ice cream,detergents,dark fantasy biscuits,marie gold biscuit,broom stick,fragnace bottles -eau de-parfums,Milk,Boost,horlicks
Cakes,Cocaclola,pepsi,cashews,Badam,Butterscotch icecream,chocolate ice cream,dark fantasy biscuits,fragnace bottles -eau de-parfums,Boost
Cakes,Cocaclola,pepsi,cashews,Badam,Butterscotch icecream,chocolate ice cream,dark fantasy biscuits,fragnace bottles -eau de-parfums,Milk,Boost,horlicks
Cakes,Badam,Butterscotch icecream,chocolate ice cream,dark fantasy biscuits,fragnace bottles -eau de-parfums,Boost,horlicks
dark fantasy biscuits
carrots,Onions,potatoes,Cakes,cashews,Badam,chocolate ice cream,dark fantasy biscuits,Boost,horlicks
carrots,potatoes,Cakes,Cocaclola,pepsi,cashews,chocolate ice cream,dark fantasy biscuits,marie gold biscuit,Milk,horlicks
Cakes,Butterscotch icecream,chocolate ice cream,dark fantasy biscuits,marie gold biscuit,Milk
carrots,Brinjal,Cakes,fragnace bottles -eau de-parfums,Milk,horlicks
Butterscotch icecream,fragnace bottles -eau de-parfums
Brinjal,Onions,potatoes,Cakes,Butterscotch icecream,chocolate ice cream,Boost
carrots,Onions,chillies,potatoes,Badam,horlicks
carrots,Brinjal,Onions,chillies,potatoes,Cakes,Cocaclola,pepsi,cashews,Badam,Butterscotch icecream,chocolate ice cream,detergents,dark fantasy biscuits,marie gold biscuit,broom stick,fragnace bottles -eau de-parfums,Milk,Boost,horlicks
carrots,Brinjal,Onions,chillies,potatoes,Cakes,Cocaclola,pepsi,cashews,Badam,Butterscotch icecream,chocolate ice cream,detergents,dark fantasy biscuits,marie gold biscuit,broom stick,fragnace bottles -eau de-parfums,Milk,Boost,horlicks
carrots,cashews,Badam,chocolate ice cream,dark fantasy biscuits,marie gold biscuit,Boost,horlicks
Badam,Boost
carrots,Brinjal,Onions,chillies,potatoes,Cakes,Cocaclola,pepsi,cashews,Badam,Butterscotch icecream,chocolate ice cream,detergents,dark fantasy biscuits,marie gold biscuit,broom stick,fragnace bottles -eau de-parfums,Milk,Boost,horlicks
Cakes,Cocaclola,cashews,Badam,Butterscotch icecream,chocolate ice cream,dark fantasy biscuits,marie gold biscuit,Milk,Boost
Cakes,Cocaclola,dark fantasy biscuits,marie gold biscuit
Cakes,Cocaclola,cashews,Badam,Butterscotch icecream,dark fantasy biscuits
carrots,Onions,chillies,potatoes,Cakes,pepsi,cashews,Badam,Butterscotch icecream,chocolate ice cream,dark fantasy biscuits,fragnace bottles -eau de-parfums,Milk
Cakes,cashews,Badam,chocolate ice cream,dark fantasy biscuits,marie gold biscuit,fragnace bottles -eau de-parfums,Boost,horlicks
carrots,chillies,potatoes,cashews,Badam,fragnace bottles -eau de-parfums,Milk
carrots,potatoes,Cakes,cashews,chocolate ice cream,dark fantasy biscuits,Milk
carrots,Onions,Badam,Butterscotch icecream,chocolate ice cream,dark fantasy biscuits
carrots,cashews,Badam,Milk
Cakes,pepsi,Badam,Butterscotch icecream,chocolate ice cream,fragnace bottles -eau de-parfums,Milk
carrots,Brinjal,Onions,chillies,potatoes,Cakes,Cocaclola,pepsi,cashews,Badam,Butterscotch icecream,chocolate ice cream,detergents,dark fantasy biscuits,marie gold biscuit,broom stick,fragnace bottles -eau de-parfums,Milk,Boost,horlicks
potatoes,pepsi,detergents,fragnace bottles -eau de-parfums
carrots,Brinjal,Onions,chillies,potatoes,Cakes,Cocaclola,pepsi,cashews,Badam,Butterscotch icecream,chocolate ice cream,detergents,dark fantasy biscuits,marie gold biscuit,broom stick,fragnace bottles -eau de-parfums,Milk,Boost,horlicks
Cakes,Cocaclola,pepsi,cashews,Badam,Butterscotch icecream,chocolate ice cream,detergents,dark fantasy biscuits,marie gold biscuit,fragnace bottles -eau de-parfums,Milk,Boost,horlicks
Boost
carrots,Brinjal,Onions,chillies,potatoes,Cakes,Cocaclola,dark fantasy biscuits,Boost
carrots,Onions,chillies,potatoes,Cakes,Cocaclola,pepsi,cashews,Badam,Butterscotch icecream,chocolate ice cream,dark fantasy biscuits,fragnace bottles -eau de-parfums
Cakes,Cocaclola,pepsi,Badam,chocolate ice cream,dark fantasy biscuits,fragnace bottles -eau de-parfums,Boost
carrots,Brinjal,Onions,chillies,potatoes,Cakes,Cocaclola,pepsi,cashews,Badam,Butterscotch icecream,chocolate ice cream,detergents,dark fantasy biscuits,marie gold biscuit,broom stick,fragnace bottles -eau de-parfums,Milk,Boost,horlicks
Cakes,Cocaclola,Badam,Butterscotch icecream,chocolate ice cream,dark fantasy biscuits,Milk,Boost
carrots,potatoes,Cakes,pepsi,cashews,Badam,Butterscotch icecream,chocolate ice cream,dark fantasy biscuits,marie gold biscuit,horlicks
Cakes,Cocaclola,pepsi,cashews,Badam,chocolate ice cream,dark fantasy biscuits
pepsi,Butterscotch icecream,chocolate ice cream,dark fantasy biscuits
Cakes,Butterscotch icecream,chocolate ice cream,Boost
carrots,potatoes,Butterscotch icecream,chocolate ice cream,Milk,horlicks
carrots,Brinjal,Onions,potatoes,Cakes,cashews,Badam,Butterscotch icecream,chocolate ice cream,detergents,dark fantasy biscuits,broom stick
Cakes,Cocaclola,chocolate ice cream,dark fantasy biscuits,Boost
Cakes,cashews,Badam,Butterscotch icecream,chocolate ice cream,Milk,Boost,horlicks
carrots,Brinjal,Onions,chillies,potatoes,cashews,Badam,Milk,Boost
carrots,Brinjal,Onions,chillies,potatoes,Cakes,pepsi,cashews,Badam,Butterscotch icecream,chocolate ice cream,dark fantasy biscuits,fragnace bottles -eau de-parfums,Milk,Boost
carrots,Brinjal,Onions,chillies,potatoes,Cakes,Cocaclola,pepsi,cashews,Badam,Butterscotch icecream,chocolate ice cream,detergents,dark fantasy biscuits,marie gold biscuit,broom stick,fragnace bottles -eau de-parfums,Milk,Boost,horlicks
cashews,Badam,Milk,horlicks
carrots,Brinjal,Onions,chillies,potatoes,Cakes,Cocaclola,pepsi,cashews,Badam,Butterscotch icecream,chocolate ice cream,detergents,dark fantasy biscuits,marie gold biscuit,broom stick,fragnace bottles -eau de-parfums,Milk,Boost,horlicks
Boost
Boost
potatoes,pepsi,Badam,Butterscotch icecream,chocolate ice cream,fragnace bottles -eau de-parfums,Milk,Boost,horlicks
Boost
